segment,x,y,index
chamber_wall,-57.951926243827856,65.89300095301913,0
chamber_wall,-60.84943203934475,65.89300095301913,1
chamber_wall,-63.74693783486163,65.89300095301913,2
chamber_wall,-66.64444363037853,65.89300095301913,3
chamber_wall,-69.54194942589541,65.89300095301913,4
chamber_wall,-72.4394552214123,65.89300095301913,5
chamber_wall,-75.3369610169292,65.89300095301913,6
chamber_wall,-78.23446681244609,65.89300095301913,7
chamber_wall,-81.13197260796298,65.89300095301913,8
chamber_wall,-84.02947840347986,65.89300095301913,9
chamber_wall,-86.92698419899676,65.89300095301913,10
chamber_wall,-89.82448999451364,65.89300095301913,11
chamber_wall,-92.72199579003053,65.89300095301913,12
chamber_wall,-95.61950158554743,65.89300095301913,13
chamber_wall,-98.51700738106432,65.89300095301913,14
chamber_wall,-101.41451317658121,65.89300095301913,15
chamber_wall,-104.31201897209809,65.89300095301913,16
chamber_wall,-107.209524767615,65.89300095301913,17
chamber_wall,-110.10703056313187,65.89300095301913,18
chamber_wall,-113.00453635864876,65.89300095301913,19
chamber_wall,-115.90204215416566,65.89300095301913,20
chamber_wall,-118.79954794968253,65.89300095301913,21
chamber_wall,-121.69705374519944,65.89300095301913,22
chamber_wall,-124.59455954071632,65.89300095301913,23
chamber_wall,-127.49206533623321,65.89300095301913,24
chamber_wall,-130.3895711317501,65.89300095301913,25
chamber_wall,-133.28707692726698,65.89300095301913,26
chamber_wall,-136.1845827227839,65.89300095301913,27
chamber_wall,-139.0820885183008,65.89300095301913,28
chamber_wall,-141.97959431381764,65.89300095301913,29
chamber_wall,-144.87710010933455,65.89300095301913,30
chamber_wall,-147.77460590485146,65.89300095301913,31
chamber_wall,-150.67211170036833,65.89300095301913,32
chamber_wall,-153.5696174958852,65.89300095301913,33
chamber_wall,-156.46712329140212,65.89300095301913,34
chamber_wall,-159.36462908691902,65.89300095301913,35
chamber_wall,-162.26213488243587,65.89300095301913,36
chamber_wall,-165.15964067795278,65.89300095301913,37
chamber_wall,-168.0571464734697,65.89300095301913,38
chamber_wall,-170.95465226898656,65.89300095301913,39
chamber_wall,-173.85215806450344,65.89300095301913,40
chamber_wall,-176.74966386002035,65.89300095301913,41
chamber_wall,-179.64716965553723,65.89300095301913,42
chamber_wall,-182.5446754510541,65.89300095301913,43
chamber_wall,-185.442181246571,65.89300095301913,44
chamber_wall,-188.33968704208792,65.89300095301913,45
chamber_wall,-191.23719283760477,65.89300095301913,46
chamber_wall,-194.13469863312167,65.89300095301913,47
chamber_wall,-197.03220442863858,65.89300095301913,48
chamber_wall,-199.92971022415549,65.89300095301913,49
chamber_wall,-202.82721601967233,65.89300095301913,50
chamber_wall,-205.72472181518924,65.89300095301913,51
chamber_wall,-208.62222761070615,65.89300095301913,52
chamber_wall,-211.519733406223,65.89300095301913,53
chamber_wall,-214.4172392017399,65.89300095301913,54
chamber_wall,-217.3147449972568,65.89300095301913,55
chamber_wall,-220.21225079277372,65.89300095301913,56
chamber_wall,-223.10975658829057,65.89300095301913,57
chamber_wall,-226.00726238380747,65.89300095301913,58
chamber_wall,-228.90476817932438,65.89300095301913,59
chamber_wall,-231.80227397484123,65.89300095301913,60
chamber_wall,-234.69977977035813,65.89300095301913,61
chamber_wall,-237.59728556587504,65.89300095301913,62
chamber_wall,-240.49479136139195,65.89300095301913,63
chamber_wall,-243.3922971569088,65.89300095301913,64
chamber_wall,-246.2898029524257,65.89300095301913,65
chamber_wall,-249.1873087479426,65.89300095301913,66
chamber_wall,-252.08481454345946,65.89300095301913,67
chamber_wall,-254.98232033897636,65.89300095301913,68
chamber_wall,-257.87982613449327,65.89300095301913,69
chamber_wall,-260.7773319300102,65.89300095301913,70
chamber_wall,-263.674837725527,65.89300095301913,71
chamber_wall,-266.57234352104393,65.89300095301913,72
chamber_wall,-269.46984931656084,65.89300095301913,73
chamber_wall,-272.3673551120777,65.89300095301913,74
chamber_wall,-275.2648609075946,65.89300095301913,75
chamber_wall,-278.1623667031115,65.89300095301913,76
chamber_wall,-281.05987249862835,65.89300095301913,77
chamber_wall,-283.95737829414526,65.89300095301913,78
chamber_wall,-286.85488408966216,65.89300095301913,79
chamber_wall,-289.75238988517907,65.89300095301913,80
chamber_wall,-292.6498956806959,65.89300095301913,81
chamber_wall,-295.5474014762128,65.89300095301913,82
chamber_wall,-298.44490727172973,65.89300095301913,83
chamber_wall,-301.3424130672466,65.89300095301913,84
chamber_wall,-304.2399188627635,65.89300095301913,85
chamber_wall,-307.1374246582804,65.89300095301913,86
chamber_wall,-310.0349304537973,65.89300095301913,87
chamber_wall,-312.93243624931415,65.89300095301913,88
chamber_wall,-315.82994204483106,65.89300095301913,89
chamber_wall,-318.72744784034796,65.89300095301913,90
chamber_wall,-321.62495363586487,65.89300095301913,91
chamber_wall,-324.5224594313817,65.89300095301913,92
chamber_wall,-327.4199652268986,65.89300095301913,93
chamber_wall,-330.31747102241553,65.89300095301913,94
chamber_wall,-333.21497681793244,65.89300095301913,95
chamber_wall,-336.1124826134493,65.89300095301913,96
chamber_wall,-339.0099884089662,65.89300095301913,97
chamber_wall,-341.9074942044831,65.89300095301913,98
chamber_wall,-344.80499999999995,65.89300095301913,99
convergent_arc,-48.052584598744545,61.79255938506084,0
convergent_arc,-48.131429886546655,61.87078163647992,1
convergent_arc,-48.21089324843382,61.94837592843017,2
convergent_arc,-48.29096968320824,62.0253373773477,3
convergent_arc,-48.37165415108707,62.10166113949802,4
convergent_arc,-48.452941574019576,62.177342411280804,5
convergent_arc,-48.534826836006765,62.25237642953225,6
convergent_arc,-48.61730478342335,62.326758471824846,7
convergent_arc,-48.70037022534209,62.40048385676458,8
convergent_arc,-48.78401793386055,62.47354794428561,9
convergent_arc,-48.86824264443006,62.545946135942245,10
convergent_arc,-48.9530390561871,62.61767387519839,11
convergent_arc,-49.03840183228691,62.68872664771435,12
convergent_arc,-49.124325600239345,62.759099981630854,13
convergent_arc,-49.21080495224706,62.82878944785061,14
convergent_arc,-49.29783444554581,62.897790660317,15
convergent_arc,-49.385408602747034,62.96609927629012,16
convergent_arc,-49.47352191218257,63.03371099662016,17
convergent_arc,-49.56216882825156,63.10062156601788,18
convergent_arc,-49.65134377176943,63.166826773322526,19
convergent_arc,-49.74104113031912,63.23232245176682,20
convergent_arc,-49.8312552586042,63.297104479239195,21
convergent_arc,-49.92198047880426,63.36116877854326,22
convergent_arc,-50.01321108093218,63.42451131765439,23
convergent_arc,-50.104941323193586,63.48712810997348,24
convergent_arc,-50.19716543234815,63.54901521457789,25
convergent_arc,-50.28987760407297,63.61016873646939,26
convergent_arc,-50.38307200332789,63.670584826819436,27
convergent_arc,-50.4767427647227,63.73025968321127,28
convergent_arc,-50.57088399288634,63.789189549879296,29
convergent_arc,-50.66548976283788,63.847370717945466,30
convergent_arc,-50.76055412035948,63.90479952565269,31
convergent_arc,-50.8560710823711,63.96147235859529,32
convergent_arc,-50.95203463730705,64.01738564994649,33
convergent_arc,-51.04843874549436,64.07253588068288,34
convergent_arc,-51.145277339532896,64.12691957980596,35
convergent_arc,-51.242544324677205,64.1805333245605,36
convergent_arc,-51.34023357922013,64.23337374065004,37
convergent_arc,-51.43833895487809,64.2854375024492,38
convergent_arc,-51.53685427717801,64.33672133321302,39
convergent_arc,-51.63577334584594,64.38722200528319,40
convergent_arc,-51.73508993519729,64.43693634029115,41
convergent_arc,-51.83479779452865,64.4858612093582,42
convergent_arc,-51.93489064851118,64.53399353329233,43
convergent_arc,-52.035362197585584,64.5813302827821,44
convergent_arc,-52.13620611835859,64.62786847858725,45
convergent_arc,-52.23741606400087,64.67360519172621,46
convergent_arc,-52.33898566464656,64.71853754366045,47
convergent_arc,-52.44090852779414,64.76266270647565,48
convergent_arc,-52.54317823870875,64.80597790305968,49
convergent_arc,-52.64578836082589,64.84848040727736,50
convergent_arc,-52.74873243615658,64.89016754414207,51
convergent_arc,-52.85200398569378,64.93103668998408,52
convergent_arc,-52.95559650982012,64.9710852726157,53
convergent_arc,-53.05950348871704,65.01031077149314,54
convergent_arc,-53.16371838277507,65.04871071787515,55
convergent_arc,-53.268234633005456,65.08628269497844,56
convergent_arc,-53.373045661452906,65.12302433812971,57
convergent_arc,-53.47814487160967,65.15893333491454,58
convergent_arc,-53.583525648830644,65.19400742532288,59
convergent_arc,-53.689181360749686,65.22824440189135,60
convergent_arc,-53.79510535769706,65.26164210984207,61
convergent_arc,-53.90129097311792,65.2941984472184,62
convergent_arc,-54.007731523991914,65.32591136501713,63
convergent_arc,-54.114420311253774,65.3567788673175,64
convergent_arc,-54.22135062021493,65.38679901140678,65
convergent_arc,-54.328515720986125,65.41596990790256,66
convergent_arc,-54.435908868900995,65.44428972087165,67
convergent_arc,-54.543523304940514,65.47175666794564,68
convergent_arc,-54.65135225615842,65.49836902043307,69
convergent_arc,-54.75938893610748,65.52412510342825,70
convergent_arc,-54.86762654526659,65.5490232959166,71
convergent_arc,-54.976058271468766,65.57306203087678,72
convergent_arc,-55.084677290329815,65.59623979537925,73
convergent_arc,-55.1934767656779,65.61855513068147,74
convergent_arc,-55.30244984998375,65.64000663231978,75
convergent_arc,-55.41158968479166,65.66059295019772,76
convergent_arc,-55.520889401151095,65.68031278867106,77
convergent_arc,-55.630342120049065,65.69916490662929,78
convergent_arc,-55.739940952843014,65.71714811757377,79
convergent_arc,-55.84967900169438,65.7342612896924,80
convergent_arc,-55.95954936000279,65.75050334593084,81
convergent_arc,-56.06954511284062,65.76587326406032,82
convergent_arc,-56.17965933738833,65.78037007674192,83
convergent_arc,-56.28988510337008,65.79399287158753,84
convergent_arc,-56.40021547348993,65.80674079121724,85
convergent_arc,-56.510643503868465,65.81861303331324,86
convergent_arc,-56.6211622444798,65.82960885067045,87
convergent_arc,-56.73176473958902,65.8397275512434,88
convergent_arc,-56.84244402818992,65.84896849818988,89
convergent_arc,-56.95319314444314,65.857331109911,90
convergent_arc,-57.064005118114586,65.86481486008779,91
convergent_arc,-57.17487297501406,65.87141927771432,92
convergent_arc,-57.28578973743427,65.87714394712734,93
convergent_arc,-57.396748424589916,65.88198850803244,94
convergent_arc,-57.50774205305711,65.88595265552676,95
convergent_arc,-57.61876363721282,65.88903614011815,96
convergent_arc,-57.72980618967458,65.89123876774086,97
convergent_arc,-57.84086272174026,65.89256039976777,98
convergent_arc,-57.951926243827856,65.89300095301913,99
convergent_diagonal,-38.48488760684186,52.22486239315815,0
convergent_diagonal,-38.581531010800475,52.321505797116764,1
convergent_diagonal,-38.678174414759084,52.41814920107537,2
convergent_diagonal,-38.7748178187177,52.51479260503399,3
convergent_diagonal,-38.87146122267631,52.6114360089926,4
convergent_diagonal,-38.968104626634926,52.708079412951214,5
convergent_diagonal,-39.064748030593535,52.80472281690982,6
convergent_diagonal,-39.16139143455215,52.90136622086844,7
convergent_diagonal,-39.25803483851076,52.99800962482705,8
convergent_diagonal,-39.354678242469376,53.094653028785665,9
convergent_diagonal,-39.45132164642799,53.19129643274428,10
convergent_diagonal,-39.5479650503866,53.28793983670289,11
convergent_diagonal,-39.64460845434522,53.384583240661506,12
convergent_diagonal,-39.741251858303826,53.481226644620115,13
convergent_diagonal,-39.83789526226244,53.57787004857873,14
convergent_diagonal,-39.93453866622105,53.67451345253734,15
convergent_diagonal,-40.03118207017967,53.771156856495956,16
convergent_diagonal,-40.12782547413828,53.867800260454565,17
convergent_diagonal,-40.22446887809689,53.96444366441318,18
convergent_diagonal,-40.32111228205551,54.0610870683718,19
convergent_diagonal,-40.41775568601412,54.15773047233041,20
convergent_diagonal,-40.514399089972734,54.25437387628902,21
convergent_diagonal,-40.61104249393134,54.35101728024763,22
convergent_diagonal,-40.70768589788996,54.44766068420625,23
convergent_diagonal,-40.80432930184857,54.54430408816486,24
convergent_diagonal,-40.900972705807185,54.64094749212347,25
convergent_diagonal,-40.997616109765794,54.73759089608208,26
convergent_diagonal,-41.09425951372441,54.8342343000407,27
convergent_diagonal,-41.19090291768302,54.93087770399931,28
convergent_diagonal,-41.287546321641635,55.027521107957924,29
convergent_diagonal,-41.38418972560025,55.12416451191654,30
convergent_diagonal,-41.48083312955886,55.22080791587515,31
convergent_diagonal,-41.577476533517476,55.317451319833765,32
convergent_diagonal,-41.674119937476085,55.414094723792374,33
convergent_diagonal,-41.7707633414347,55.51073812775099,34
convergent_diagonal,-41.86740674539331,55.6073815317096,35
convergent_diagonal,-41.96405014935193,55.704024935668215,36
convergent_diagonal,-42.06069355331054,55.80066833962683,37
convergent_diagonal,-42.15733695726915,55.89731174358544,38
convergent_diagonal,-42.25398036122777,55.99395514754406,39
convergent_diagonal,-42.35062376518638,56.090598551502666,40
convergent_diagonal,-42.44726716914499,56.18724195546128,41
convergent_diagonal,-42.5439105731036,56.28388535941989,42
convergent_diagonal,-42.64055397706222,56.38052876337851,43
convergent_diagonal,-42.73719738102083,56.477172167337116,44
convergent_diagonal,-42.833840784979444,56.57381557129573,45
convergent_diagonal,-42.93048418893805,56.67045897525434,46
convergent_diagonal,-43.02712759289667,56.76710237921296,47
convergent_diagonal,-43.123770996855285,56.863745783171574,48
convergent_diagonal,-43.220414400813894,56.96038918713018,49
convergent_diagonal,-43.31705780477251,57.0570325910888,50
convergent_diagonal,-43.41370120873112,57.15367599504741,51
convergent_diagonal,-43.510344612689735,57.250319399006024,52
convergent_diagonal,-43.606988016648344,57.34696280296463,53
convergent_diagonal,-43.70363142060696,57.44360620692325,54
convergent_diagonal,-43.80027482456558,57.540249610881865,55
convergent_diagonal,-43.896918228524186,57.636893014840474,56
convergent_diagonal,-43.9935616324828,57.73353641879909,57
convergent_diagonal,-44.09020503644141,57.8301798227577,58
convergent_diagonal,-44.18684844040003,57.926823226716316,59
convergent_diagonal,-44.283491844358636,58.023466630674925,60
convergent_diagonal,-44.38013524831725,58.12011003463354,61
convergent_diagonal,-44.47677865227586,58.21675343859215,62
convergent_diagonal,-44.57342205623448,58.313396842550766,63
convergent_diagonal,-44.670065460193086,58.410040246509375,64
convergent_diagonal,-44.7667088641517,58.50668365046799,65
convergent_diagonal,-44.86335226811032,58.60332705442661,66
convergent_diagonal,-44.95999567206893,58.699970458385216,67
convergent_diagonal,-45.056639076027544,58.79661386234383,68
convergent_diagonal,-45.15328247998615,58.89325726630244,69
convergent_diagonal,-45.24992588394477,58.98990067026106,70
convergent_diagonal,-45.34656928790338,59.08654407421967,71
convergent_diagonal,-45.443212691861994,59.18318747817828,72
convergent_diagonal,-45.53985609582061,59.2798308821369,73
convergent_diagonal,-45.63649949977922,59.37647428609551,74
convergent_diagonal,-45.733142903737836,59.473117690054124,75
convergent_diagonal,-45.829786307696445,59.56976109401273,76
convergent_diagonal,-45.92642971165506,59.66640449797135,77
convergent_diagonal,-46.02307311561367,59.76304790192996,78
convergent_diagonal,-46.119716519572286,59.859691305888575,79
convergent_diagonal,-46.216359923530895,59.956334709847184,80
convergent_diagonal,-46.31300332748951,60.0529781138058,81
convergent_diagonal,-46.40964673144812,60.14962151776441,82
convergent_diagonal,-46.506290135406736,60.246264921723025,83
convergent_diagonal,-46.60293353936535,60.34290832568164,84
convergent_diagonal,-46.69957694332396,60.43955172964025,85
convergent_diagonal,-46.79622034728258,60.536195133598866,86
convergent_diagonal,-46.89286375124119,60.632838537557475,87
convergent_diagonal,-46.9895071551998,60.72948194151609,88
convergent_diagonal,-47.08615055915841,60.8261253454747,89
convergent_diagonal,-47.18279396311703,60.92276874943332,90
convergent_diagonal,-47.279437367075644,61.01941215339193,91
convergent_diagonal,-47.37608077103425,61.11605555735054,92
convergent_diagonal,-47.47272417499286,61.21269896130915,93
convergent_diagonal,-47.56936757895148,61.30934236526777,94
convergent_diagonal,-47.666010982910095,61.40598576922638,95
convergent_diagonal,-47.762654386868704,61.50262917318499,96
convergent_diagonal,-47.85929779082732,61.59927257714361,97
convergent_diagonal,-47.95594119478593,61.69591598110222,98
convergent_diagonal,-48.052584598744545,61.792559385060834,99
throat_arc,-38.48488760684186,52.22486239315815,0
throat_arc,-38.178367017071075,51.92076393265972,1
throat_arc,-37.86944358956132,51.61910674052508,2
throat_arc,-37.5581367670737,51.31990980219917,3
throat_arc,-37.24446614237345,51.0231919482856,4
throat_arc,-36.92845145699674,50.728971853361394,5
throat_arc,-36.61011260000832,50.43726803480184,6
throat_arc,-36.289469606749606,50.14809885161483,7
throat_arc,-35.966542657577854,49.86148250328563,8
throat_arc,-35.64135207659599,49.5774370286313,9
throat_arc,-35.31391833037345,49.295980304665406,10
throat_arc,-34.98426202665814,49.01713004547298,11
throat_arc,-34.652403913079375,48.7409038010955,12
throat_arc,-34.318364875842164,48.4673189564265,13
throat_arc,-33.98216593841258,48.19639273011727,14
throat_arc,-33.64382826019473,47.92814217349328,15
throat_arc,-33.303373135198925,47.662584169480915,16
throat_arc,-32.96082199070157,47.39973543154501,17
throat_arc,-32.61619638589659,47.13961250263691,18
throat_arc,-32.2695180105385,46.88223175415324,19
throat_arc,-31.920808683577384,46.62760938490566,20
throat_arc,-31.57009035178559,46.37576142010125,21
throat_arc,-31.217385088376588,46.12670371033399,22
throat_arc,-30.862715091615577,45.88045193058714,23
throat_arc,-30.50610268342255,45.63702157924674,24
throat_arc,-30.14757030796734,45.39642797712614,25
throat_arc,-29.787140530256995,45.158686266501746,26
throat_arc,-29.424836034715735,44.92381141016007,27
throat_arc,-29.060679623757128,44.69181819045595,28
throat_arc,-28.69469421634907,44.46272120838224,29
throat_arc,-28.32690284657123,44.2365348826508,30
throat_arc,-27.957328662165466,44.01327344878513,31
throat_arc,-27.585994923078907,43.79295095822432,32
throat_arc,-27.21292499999999,43.575581277438715,33
throat_arc,-26.83814237288771,43.36117808705728,34
throat_arc,-26.46167062949369,43.14975488100645,35
throat_arc,-26.08353346387781,42.941324965660996,36
throat_arc,-25.70375467491681,42.73590145900643,37
throat_arc,-25.322358164806577,42.533497289813496,38
throat_arc,-24.93936793755778,42.334125196824445,39
throat_arc,-24.55480809748502,42.13779772795123,40
throat_arc,-24.168702847689975,41.94452723948591,41
throat_arc,-23.7810764885379,41.7543258953228,42
throat_arc,-23.391953416128445,41.56720566619311,43
throat_arc,-23.00135812076004,41.38317832891135,44
throat_arc,-22.609315185388716,41.202255465634295,45
throat_arc,-22.215849284080797,41.02444846313192,46
throat_arc,-21.820985180460045,40.8497685120708,47
throat_arc,-21.424747726149096,40.67822660630982,48
throat_arc,-21.027161859205357,40.50983354220818,49
throat_arc,-20.628252602551523,40.344599917945985,50
throat_arc,-20.228045062400632,40.182536132857194,51
throat_arc,-19.826564426676004,40.02365238677508,52
throat_arc,-19.423835963425976,39.86795867939035,53
throat_arc,-19.019885019233588,39.71546480962173,54
throat_arc,-18.614737017621348,39.56618037499928,55
throat_arc,-18.20841745745115,39.420114771060355,56
throat_arc,-17.800951911319494,39.27727719075827,57
throat_arc,-17.392366023947886,39.13767662388371,58
throat_arc,-16.982685510569002,39.001321856498976,59
throat_arc,-16.571936155308116,38.86822147038496,60
throat_arc,-16.160143809560388,38.738383842501065,61
throat_arc,-15.747334390363818,38.61181714445799,62
throat_arc,-15.333533878768126,38.48852934200342,63
throat_arc,-14.91876831819956,38.36852819452068,64
throat_arc,-14.503063812821782,38.25182125454038,65
throat_arc,-14.086446525893024,38.138415867265124,66
throat_arc,-13.668942678119336,38.02831917010713,67
throat_arc,-13.250578546004402,37.921538092239125,68
throat_arc,-12.831380460195758,37.81807935415818,69
throat_arc,-12.411374803827595,37.71794946726275,70
throat_arc,-11.990588010860344,37.62115473344288,71
throat_arc,-11.569046564416865,37.52770124468358,72
throat_arc,-11.146776995115863,37.437594882681395,73
throat_arc,-10.723805879401915,37.350841318474245,74
throat_arc,-10.300159837873027,37.26744601208453,75
throat_arc,-9.87586553360506,37.18741421217539,76
throat_arc,-9.4509496704737,37.110750955720526,77
throat_arc,-9.025438991473779,37.03746106768704,78
throat_arc,-8.599360277036135,36.96754916073187,79
throat_arc,-8.172740343342186,36.90101963491142,80
throat_arc,-7.745606040636069,36.837876677404644,81
throat_arc,-7.31798425153492,36.77812426224956,82
throat_arc,-6.889901889336837,36.72176615009307,83
throat_arc,-6.461385896327091,36.66880588795432,84
throat_arc,-6.032463242082439,36.61924680900146,85
throat_arc,-5.603160921773727,36.57309203234183,86
throat_arc,-5.173505954466952,36.530344462825695,87
throat_arc,-4.743525381422623,36.49100679086338,88
throat_arc,-4.313246264394032,36.455081492255985,89
throat_arc,-3.8826956839239344,36.42257082803955,90
throat_arc,-3.4519007376402278,36.3934768443427,91
throat_arc,-3.020888538550503,36.36780137225798,92
throat_arc,-2.589686213335612,36.3455460277265,93
throat_arc,-2.1583209006424497,36.32671221143629,94
throat_arc,-1.726819749375796,36.31130110873413,95
throat_arc,-1.2952099169898077,36.29931368955097,96
throat_arc,-0.8635185677786745,36.29075070834084,97
throat_arc,-0.43177287116703467,36.2856127040334,98
throat_arc,3.332622149668699e-15,36.28390000000001,99
inlet_arc,8.487077741156287e-16,36.2839,0
inlet_arc,0.05810105928280913,36.28402177627595,1
inlet_arc,0.11620109762751941,36.284387102963976,2
inlet_arc,0.17429909411397027,36.284995973644634,3
inlet_arc,0.23239402785788865,36.285848377619004,4
inlet_arc,0.2904848780288099,36.28694429990884,5
inlet_arc,0.3485706238680282,36.28828372125686,6
inlet_arc,0.40665024470652966,36.28986661812706,7
inlet_arc,0.4647227199829277,36.29169296270515,8
inlet_arc,0.5227870292613925,36.29376272289904,9
inlet_arc,0.5808421522495948,36.29607586233939,10
inlet_arc,0.6388870688166151,36.29863234038026,11
inlet_arc,0.6969207590108819,36.30143211209982,12
inlet_arc,0.7549422030780911,36.304475128301135,13
inlet_arc,0.8129503814791242,36.307761335513064,14
inlet_arc,0.8709442749079613,36.31129067599113,15
inlet_arc,0.9289228643096036,36.3150630877186,16
inlet_arc,0.9868851308979616,36.31907850440755,17
inlet_arc,1.04483005617377,36.32333685550002,18
inlet_arc,1.1027566219424807,36.32783806616928,19
inlet_arc,1.1606638103321547,36.332582057321105,20
inlet_arc,1.218550603811344,36.337568745595206,21
inlet_arc,1.2764159852069854,36.342798043366685,22
inlet_arc,1.3342589377222536,36.34826985874754,23
inlet_arc,1.3920784449544419,36.35398409558834,24
inlet_arc,1.4498734909128184,36.35994065347985,25
inlet_arc,1.5076430600364794,36.366139427754845,26
inlet_arc,1.5653861372121902,36.37258030948993,27
inlet_arc,1.623101707792236,36.37926318550745,28
inlet_arc,1.6807887576122327,36.38618793837748,29
inlet_arc,1.7384462730089583,36.393354446419906,30
inlet_arc,1.7960732408381634,36.40076258370654,31
inlet_arc,1.8536686484923703,36.408412220063326,32
inlet_arc,1.9112314839186777,36.41630322107268,33
inlet_arc,1.9687607356365278,36.42443544807578,34
inlet_arc,2.026255392755489,36.43280875817507,35
inlet_arc,2.0837144449930203,36.44142300423671,36
inlet_arc,2.1411368826922192,36.4502780348932,37
inlet_arc,2.1985216968395656,36.459373694546045,38
inlet_arc,2.25586787908265,36.46870982336844,39
inlet_arc,2.3131744217479007,36.47828625730815,40
inlet_arc,2.370440317858275,36.488102828090334,41
inlet_arc,2.4276645611509657,36.49815936322052,42
inlet_arc,2.4848461460950784,36.508455685987656,43
inlet_arc,2.5419840679092975,36.518991615467186,44
inlet_arc,2.599077322579556,36.52976696652424,45
inlet_arc,2.656124906876656,36.540781549816906,46
inlet_arc,2.713125818373915,36.55203517179952,47
inlet_arc,2.770079055464772,36.56352763472608,48
inlet_arc,2.8269836173803884,36.57525873665375,49
inlet_arc,2.8838385042072336,36.587228271446385,50
inlet_arc,2.940642716904663,36.599436028778136,51
inlet_arc,2.997395257322459,36.611881794137176,52
inlet_arc,3.0540951282183775,36.62456534882946,53
inlet_arc,3.110741333275672,36.63748646998254,54
inlet_arc,3.1673328771206006,36.65064493054954,55
inlet_arc,3.22386876533991,36.6640404993131,56
inlet_arc,3.2803480044983253,36.67767294088944,57
inlet_arc,3.336769602155986,36.691542015732516,58
inlet_arc,3.3931325668858965,36.70564748013822,59
inlet_arc,3.449435908291347,36.71998908624866,60
inlet_arc,3.5056786370233097,36.73456658205652,61
inlet_arc,3.5618597647978394,36.749379711409496,62
inlet_arc,3.617978304413417,36.76442821401476,63
inlet_arc,3.6740332697683136,36.77971182544358,64
inlet_arc,3.7300236758779093,36.79523027713594,65
inlet_arc,3.7859485388920064,36.81098329640528,66
inlet_arc,3.8418068761121136,36.82697060644327,67
inlet_arc,3.897597706008712,36.84319192632465,68
inlet_arc,3.953320048238517,36.85964697101224,69
inlet_arc,4.00897292366168,36.87633545136186,70
inlet_arc,4.064555354359012,36.89325707412748,71
inlet_arc,4.120066363649162,36.91041154196635,72
inlet_arc,4.175504976105778,36.92779855344419,73
inlet_arc,4.230870217574652,36.945417803040556,74
inlet_arc,4.28616111519083,36.963268981154144,75
inlet_arc,4.341376697395711,36.98135177410827,76
inlet_arc,4.396515993954119,36.99966586415637,77
inlet_arc,4.451578035971347,37.018210929487566,78
inlet_arc,4.506561855910203,37.03698664423235,79
inlet_arc,4.561466487607968,37.0559926784683,80
inlet_arc,4.616290966293426,37.07522869822587,81
inlet_arc,4.671034328603774,37.09469436549426,82
inlet_arc,4.725695612601576,37.11438933822736,83
inlet_arc,4.780273857791651,37.13431327034976,84
inlet_arc,4.8347681051379565,37.15446581176282,85
inlet_arc,4.889177397080449,37.17484660835084,86
inlet_arc,4.94350077755189,37.19545530198729,87
inlet_arc,4.997737291994662,37.21629153054105,88
inlet_arc,5.0518859873775375,37.23735492788285,89
inlet_arc,5.105945912212421,37.258645123891625,90
inlet_arc,5.159916116571081,37.28016174446108,91
inlet_arc,5.213795652101824,37.30190441150626,92
inlet_arc,5.267583572046171,37.323872742970124,93
inlet_arc,5.321278931255488,37.346066352830356,94
inlet_arc,5.374880786207602,37.368484851106075,95
inlet_arc,5.42838819502337,37.39112784386472,96
inlet_arc,5.481800217483232,37.41399493322897,97
inlet_arc,5.535115915043745,37.43708571738373,98
inlet_arc,5.588334350854053,37.46039979058319,99
bell,5.588334350854053,37.46039979058319,0
bell,5.588334350854053,37.46039979058319,1
bell,7.27140440395758,38.20032852117809,2
bell,8.95214901482331,38.93602563029787,3
bell,10.630568183451242,39.667491117942554,4
bell,12.306661909841377,40.39472498411212,5
bell,13.980430193993715,41.117727228806594,6
bell,15.65187303590826,41.83649785202596,7
bell,17.320990435585006,42.5510368537702,8
bell,18.987782393023956,43.261344234039356,9
bell,20.652248908225104,43.96741999283339,10
bell,22.314389981188462,44.66926413015233,11
bell,23.974205611914016,45.36687664599615,12
bell,25.63169580040178,46.060257540364866,13
bell,27.28686054665175,46.74940681325849,14
bell,28.93969985066392,47.43432446467699,15
bell,30.59021371243829,48.11501049462039,16
bell,32.23840213197486,48.791464903088674,17
bell,33.88426510927364,49.46368769008186,18
bell,35.52780264433462,50.13167885559994,19
bell,37.16901473715781,50.79543839964291,20
bell,38.8079013877432,51.45496632221079,21
bell,40.44446259609079,52.11026262330353,22
bell,42.078698362200576,52.76132730292118,23
bell,43.71060868607258,53.40816036106372,24
bell,45.34019356770679,54.05076179773116,25
bell,46.96745300710318,54.68913161292349,26
bell,48.5923870042618,55.32326980664072,27
bell,50.214995559182604,55.95317637888283,28
bell,51.83527867186562,56.578851329649844,29
bell,53.45323634231083,57.200294658941736,30
bell,55.06886857051826,57.817506366758536,31
bell,56.68217535648788,58.43048645310022,32
bell,58.293156700219704,59.03923491796681,33
bell,59.90181260171374,59.64375176135828,34
bell,61.50814306096997,60.244036983274654,35
bell,63.112148077988415,60.84009058371591,36
bell,64.71382765276904,61.431912562682065,37
bell,66.3131817853119,62.01950292017312,38
bell,67.91021047561694,62.60286165618905,39
bell,69.50491372368418,63.18198877072987,40
bell,71.09729152951365,63.75688426379561,41
bell,72.68734389310531,64.32754813538624,42
bell,74.27507081445916,64.89398038550175,43
bell,75.86047229357521,65.45618101414215,44
bell,77.4435483304535,66.01415002130747,45
bell,79.02429892509396,66.56788740699764,46
bell,80.60272407749662,67.11739317121273,47
bell,82.17882378766151,67.66266731395271,48
bell,83.75259805558858,68.20370983521758,49
bell,85.32404688127785,68.74052073500735,50
bell,86.89317026472935,69.27310001332201,51
bell,88.45996820594306,69.80144767016156,52
bell,90.02444070491894,70.32556370552601,53
bell,91.58658776165703,70.84544811941534,54
bell,93.14640937615734,71.36110091182957,55
bell,94.70390554841984,71.87252208276868,56
bell,96.25907627844455,72.37971163223273,57
bell,97.81192156623145,72.88266956022161,58
bell,99.36244141178055,73.38139586673542,59
bell,100.91063581509188,73.87589055177412,60
bell,102.45650477616539,74.36615361533771,61
bell,104.00004829500111,74.8521850574262,62
bell,105.54126637159904,75.33398487803956,63
bell,107.08015900595917,75.81155307717785,64
bell,108.6167261980815,76.28488965484098,65
bell,110.15096794796602,76.75399461102904,66
bell,111.68288425561278,77.218867945742,67
bell,113.2124751210217,77.67950965897984,68
bell,114.73974054419287,78.13591975074257,69
bell,116.26468052512621,78.58809822103021,70
bell,117.78729506382177,79.03604506984273,71
bell,119.3075841602795,79.47976029718015,72
bell,120.82554781449946,79.91924390304244,73
bell,122.34118602648162,80.35449588742965,74
bell,123.85449879622598,80.78551625034174,75
bell,125.36548612373257,81.21230499177874,76
bell,126.87414800900135,81.63486211174062,77
bell,128.3804844520323,82.05318761022738,78
bell,129.88449545282546,82.46728148723903,79
bell,131.38618101138084,82.8771437427756,80
bell,132.88554112769845,83.28277437683707,81
bell,134.38257580177822,83.6841733894234,82
bell,135.87728503362024,84.08134078053465,83
bell,137.36966882322443,84.47427655017077,84
bell,138.85972717059082,84.86298069833181,85
bell,140.34746007571943,85.24745322501772,86
bell,141.83286753861023,85.62769413022853,87
bell,143.31594955926323,86.00370341396423,88
bell,144.79670613767843,86.37548107622483,89
bell,146.27513727385585,86.74302711701033,90
bell,147.75124296779546,87.1063415363207,91
bell,149.22502321949727,87.46542433415598,92
bell,150.6964780289613,87.82027551051615,93
bell,152.1656073961875,88.17089506540121,94
bell,153.63241132117597,88.51728299881118,95
bell,155.0968898039266,88.85943931074603,96
bell,156.55904284443943,89.19736400120576,97
bell,158.01887044271447,89.5310570701904,98
bell,159.4763725987517,89.86051851769993,99
bell,160.93154931255114,90.18574834373435,100
